{
    "$schema": "http://schema.management.azure.com/schemas/2014-04-01-preview/deploymentTemplate.json#",
    "contentVersion": "1.0.0.0",
    "parameters": {
        "Environment Number": {
            "type": "int",
            "metadata": {
                "description": "Give the environment a number for user VMs naming. (e.g.: 1, 2, etc.)" 
            }
        },
        "VM Administrator Login": {
            "type": "string",
            "metadata": {
                "description": "Database administrator login name"
            }
        },
        "VM Administrator Password": {
            "type": "securestring",
            "metadata": {
                "description": "Database administrator password"
            }
        },
        "Application VM Size": {
            "type": "string",
            "defaultValue": "Standard_B2ms",
            "allowedValues": [
                "Standard_B2ms",
                "Standard_B2s",
                "Standard_B4ms"
            ],
            "metadata": {
                "description": "Size of application server VM"
            }
        },
        "Database VM Size": {
            "type": "string",
            "defaultValue": "Standard_B4ms",
            "allowedValues": [
                "Standard_B2ms",
                "Standard_B2s",
                "Standard_B4ms"
            ],
            "metadata": {
                "description": "Size of database server VM"
            }
        },
        // "existingVnetResourceGroup": {
        //     "type": "String",
        //     "defaultValue": "[resourceGroup().name]",
        //     "metadata": {
        //         "description": "Specify the resrouce group of the existing VNet"
        //     }
        // },
        "Virtual Network Name": {
            "type": "String",
            "defaultValue": "VNET-AZ1-CC-DEVQA-OLBZONE-1Q",
            "metadata": {
                "description": "Specify the name of the Subnet Name"
            }

        },
        // "Subnet Name": {
        //     "type": "String",
        //     "defaultValue": "default",
        //     "metadata": {
        //         "description": "Specify the name of the Subnet Name"
        //     }
        // },
        "vnetAddressPrefix": {
        "type": "string",
        "defaultValue": "10.0.0.0/16",
            "metadata": {
                "description": "Address prefix"
            }
        },
        "Subnet Name": {
        "type": "string",
        "defaultValue": "Subnet1",
            "metadata": {
                "description": "Subnet 1 Name"
            }
        },
        "Subnet Prefix": {
        "type": "string",
        "defaultValue": "10.0.0.0/24",
            "metadata": {
                "description": "Subnet Prefix"
            }
        }
    },
    "variables": {
        "resourceNamePrefix": "AZ1",
        "databaseVmName": "[concat(variables('resourceNamePrefix'), 'DBD', parameters('Environment Number'))]",
        "publicIpAddressName": "[concat(variables('databaseVmName'), '-publicip-', uniqueString(variables('databaseVmName')))]",
        "publicIpAddressType": "Dynamic",
        "publicIpAddressSku": "Basic",
        //"databaseName": "[concat('db-mcu-', toLower(variables('resourceNamePrefix')), '-', parameters('Environment Number'))]",
        //"databaseServerName": "[concat('dbs-mcu-', toLower(variables('resourceNamePrefix')), parameters('Environment Number'))]",
        "databaseDataDisk": "[concat(variables('databaseVmName'), '_OsDisk_1_', take(uniqueString(resourceGroup().id),12))]",
        "databaseVersion": "12.0",
        "labVirtualNetworkName": "VNET-AZ1-CC-DEVQA-OLBZONE-1Q",
        "networkInterfaceName": "[concat(variables('databaseVmName'), '-nic')]",
        "networkSecurityGroupName": "[concat(variables('databaseVmName'), '-nsg')]",
        "networkSecurityGroupRules": [
            {
                "name": "RDP",
                "properties": {
                    "priority": 300,
                    "protocol": "TCP",
                    "access": "Allow",
                    "direction": "Inbound",
                    "sourceAddressPrefix": "*",
                    "sourcePortRange": "*",
                    "destinationAddressPrefix": "*",
                    "destinationPortRange": "3389"
                }
            }
        ],
        "nsgId": "[resourceId('Microsoft.Network/networkSecurityGroups', variables('networkSecurityGroupName'))]",
        "subnetRef": "[resourceId(resourceGroup().name, 'Microsoft.Network/virtualNetWorks/subnets', parameters('Virtual Network Name'), parameters('Subnet Name'))]"
    },
    "resources": [
        {
            "type": "Microsoft.Network/virtualNetworks",
            "apiVersion": "2020-05-01",
            "name": "[parameters('Virtual Network Name')]",
            "location": "[resourceGroup().location]",
            "properties": {
                "addressSpace": {
                    "addressPrefixes": [
                        "[parameters('vnetAddressPrefix')]"
                    ]
                }
            },
            "resources": [
                {
                    "type": "subnets",
                    "apiVersion": "2020-05-01",
                    "location": "[resourceGroup().location]",
                    "name": "[parameters('Subnet Name')]",
                    "dependsOn": [
                        "[parameters('Virtual Network Name')]"
                    ],
                    "properties": {
                        "addressPrefix": "[parameters('Subnet Prefix')]"
                    }
                }
            ]
        },
        {
            "type": "Microsoft.Network/publicIpAddresses",
            "apiVersion": "2020-06-01",
            "name": "[variables('publicIpAddressName')]",
            "location": "[resourceGroup().location]",
            "sku": {
                "name": "[variables('publicIpAddressSku')]"
            },
            "properties": {
                "publicIpAllocationMethod": "[variables('publicIpAddressType')]"
            }
        },
        {
            "type": "Microsoft.Network/networkSecurityGroups",
            "apiVersion": "2020-06-01",
            "name": "[variables('networkSecurityGroupName')]",
            "location": "[resourceGroup().location]",
            "properties": {
                "securityRules": "[variables('networkSecurityGroupRules')]"
            }
        },
        {
            "type": "Microsoft.Network/networkInterfaces",
            "apiVersion": "2020-06-01",
            "name": "[variables('networkInterfaceName')]",
            "location": "[resourceGroup().location]",
            "dependsOn": [
                "[resourceId('Microsoft.Network/networkSecurityGroups/', variables('networkSecurityGroupName'))]",
                "[resourceId('Microsoft.Network/publicIpAddresses/', variables('publicIpAddressName'))]"
            ],
            "properties": {
                "ipConfigurations": [
                    {
                        "name": "ipconfig1",
                        "properties": {
                        "subnet": {
                            "id": "[variables('subnetRef')]"
                        },
                            "privateIPAllocationMethod": "Dynamic",
                            "publicIpAddress": {
                                "id": "[resourceId('Microsoft.Network/publicIpAddresses', variables('publicIpAddressName'))]"
                            }
                        }
                    }
                ],
                "enableAcceleratedNetworking": true,
                "networkSecurityGroup": {
                    "id": "[variables('nsgId')]"
                }
            }
        },
        {
            "type": "Microsoft.Compute/disks",
            "apiVersion": "2017-03-30",
            "name": "[variables('databaseDataDisk')]",
            "location": "[resourceGroup().location]",
            "sku": {
                "name": "Standard_LRS"
            },
            "properties": {
                "creationData": {
                    "createOption": "Empty"
                },
                "diskSizeGB": 1024
            }
        },
        {
            "type": "Microsoft.Compute/virtualMachines",
            "apiVersion": "2019-07-01",
            "name": "[variables('databaseVmName')]",
            "location": "[resourceGroup().location]",
            "dependsOn": [
                "[resourceId('Microsoft.Compute/disks/', variables('databaseDataDisk'))]"
            ],
            "tags": {
                "env": "DevTestLabs",
                "ClientName": "MCU"
            },
            "properties": {
                "hardwareProfile": {
                    "vmSize": "[parameters('Database VM Size')]"
                },
                "storageProfile": {
                    "imageReference": {
                        "publisher": "microsoftsqlserver",
                        "offer": "sql2019-ws2019",
                        "sku": "sqldev",
                        "version": "latest"
                    },
                    "osDisk": {
                        //"osType": "Windows",
                        //"name": "[concat(variables('databaseVmName'), '_OsDisk_1_', take(uniqueString(resourceGroup().id),32))]",
                        "createOption": "FromImage",
                        //"caching": "ReadWrite",
                        // "managedDisk": {
                        //     "storageAccountType": "StandardSSD_LRS",
                        //     "id": "[parameters('disks_AZ1ADSMCUPOC101_OsDisk_1_bf0f3232082f4093838e4882c2fbae0d_externalid')]"
                        // },
                        "diskSizeGB": 127
                    },
                    "dataDisks": [
                        {
                            "lun": 0,
                            "name": "[variables('databaseDataDisk')]",
                            "createOption": "attach",
                            "managedDisk": {
                                "id": "[resourceId('Microsoft.Compute/disks/', variables('databaseDataDisk'))]"
                            }
                        }
                    ]
                },
                "osProfile": {
                    "computerName": "[variables('databaseVmName')]",
                    "adminUsername": "[parameters('VM Administrator Login')]",
                    "adminPassword": "[parameters('VM Administrator Password')]",
                    "windowsConfiguration": {
                        "provisionVMAgent": true,
                        "enableAutomaticUpdates": true
                    },
                    //"secrets": "[]",
                    "allowExtensionOperations": true,
                    "requireGuestProvisionSignal": true
                }
            }
        }
    ]
}